selection1_name,selection1_url,selection2,selection2_url,selection3,selection3_url,selection4,selection4_url,selection5,selection5_url,selection6,selection6_url,selection7,selection7_url,selection8,selection8_url
Toys & Games,https://yoshops.com/t/toys,Laptops,https://yoshops.com/t/laptops,Accessories,https://yoshops.com/t/accessories,Electronics,https://yoshops.com/t/electronics,Home & Kitchen,https://yoshops.com/t/home--kitchen,Fashion,https://yoshops.com/t/fashion,Foods,https://yoshops.com/t/food,★ Reviews,https://yoshops.com/#yotpo-testimonials
Mobiles,https://yoshops.com/t/mobile-phones,Laptops,https://yoshops.com/t/laptops,Accessories,https://yoshops.com/t/accessories,Electronics,https://yoshops.com/t/electronics,Home & Kitchen,https://yoshops.com/t/home--kitchen,Fashion,https://yoshops.com/t/fashion,Foods,https://yoshops.com/t/food,★ Reviews,https://yoshops.com/#yotpo-testimonials
Laptops,https://yoshops.com/t/laptops,Laptops,https://yoshops.com/t/laptops,Accessories,https://yoshops.com/t/accessories,Electronics,https://yoshops.com/t/electronics,Home & Kitchen,https://yoshops.com/t/home--kitchen,Fashion,https://yoshops.com/t/fashion,Foods,https://yoshops.com/t/food,★ Reviews,https://yoshops.com/#yotpo-testimonials
Accessories,https://yoshops.com/t/accessories,Laptops,https://yoshops.com/t/laptops,Accessories,https://yoshops.com/t/accessories,Electronics,https://yoshops.com/t/electronics,Home & Kitchen,https://yoshops.com/t/home--kitchen,Fashion,https://yoshops.com/t/fashion,Foods,https://yoshops.com/t/food,★ Reviews,https://yoshops.com/#yotpo-testimonials
Electronics,https://yoshops.com/t/electronics,Laptops,https://yoshops.com/t/laptops,Accessories,https://yoshops.com/t/accessories,Electronics,https://yoshops.com/t/electronics,Home & Kitchen,https://yoshops.com/t/home--kitchen,Fashion,https://yoshops.com/t/fashion,Foods,https://yoshops.com/t/food,★ Reviews,https://yoshops.com/#yotpo-testimonials
Home & Kitchen,https://yoshops.com/t/home--kitchen,Laptops,https://yoshops.com/t/laptops,Accessories,https://yoshops.com/t/accessories,Electronics,https://yoshops.com/t/electronics,Home & Kitchen,https://yoshops.com/t/home--kitchen,Fashion,https://yoshops.com/t/fashion,Foods,https://yoshops.com/t/food,★ Reviews,https://yoshops.com/#yotpo-testimonials
Fashion,https://yoshops.com/t/fashion,Laptops,https://yoshops.com/t/laptops,Accessories,https://yoshops.com/t/accessories,Electronics,https://yoshops.com/t/electronics,Home & Kitchen,https://yoshops.com/t/home--kitchen,Fashion,https://yoshops.com/t/fashion,Foods,https://yoshops.com/t/food,★ Reviews,https://yoshops.com/#yotpo-testimonials
Foods,https://yoshops.com/t/food,Laptops,https://yoshops.com/t/laptops,Accessories,https://yoshops.com/t/accessories,Electronics,https://yoshops.com/t/electronics,Home & Kitchen,https://yoshops.com/t/home--kitchen,Fashion,https://yoshops.com/t/fashion,Foods,https://yoshops.com/t/food,★ Reviews,https://yoshops.com/#yotpo-testimonials
Services,https://yoshops.com/t/Services,Laptops,https://yoshops.com/t/laptops,Accessories,https://yoshops.com/t/accessories,Electronics,https://yoshops.com/t/electronics,Home & Kitchen,https://yoshops.com/t/home--kitchen,Fashion,https://yoshops.com/t/fashion,Foods,https://yoshops.com/t/food,★ Reviews,https://yoshops.com/#yotpo-testimonials
